{"name":"Camomile2","created":"2017-03-08T08:07:42.350Z","intents":[{"intent":"Greeting","created":"2017-03-08T08:07:42.350Z","updated":"2017-03-08T08:07:42.350Z","examples":[{"text":"Good afternoon","created":"2017-03-08T08:07:42.350Z","updated":"2017-03-08T08:07:42.350Z"},{"text":"Good morning","created":"2017-03-08T08:07:42.350Z","updated":"2017-03-08T08:07:42.350Z"},{"text":"Goot evening","created":"2017-03-08T08:07:42.350Z","updated":"2017-03-08T08:07:42.350Z"},{"text":"Hello","created":"2017-03-08T08:07:42.350Z","updated":"2017-03-08T08:07:42.350Z"},{"text":"Hi","created":"2017-03-08T08:07:42.350Z","updated":"2017-03-08T08:07:42.350Z"},{"text":"How are you","created":"2017-03-08T08:07:42.350Z","updated":"2017-03-08T08:07:42.350Z"},{"text":"Howdy","created":"2017-03-08T08:07:42.350Z","updated":"2017-03-08T08:07:42.350Z"},{"text":"today","created":"2017-03-08T08:07:42.350Z","updated":"2017-03-08T08:07:42.350Z"}],"description":null},{"intent":"Reservation","created":"2017-03-08T08:07:42.350Z","updated":"2017-03-08T08:07:42.350Z","examples":[{"text":"Can I book a room?","created":"2017-03-08T08:07:42.350Z","updated":"2017-03-08T08:07:42.350Z"},{"text":"I'd like to book a meeting room","created":"2017-03-08T08:07:42.350Z","updated":"2017-03-08T08:07:42.350Z"},{"text":"I'm going to have a meeting","created":"2017-03-08T08:07:42.350Z","updated":"2017-03-08T08:07:42.350Z"},{"text":"Is a conference room available?","created":"2017-03-08T08:07:42.350Z","updated":"2017-03-08T08:07:42.350Z"},{"text":"Is there a vacant room?","created":"2017-03-08T08:07:42.350Z","updated":"2017-03-08T08:07:42.350Z"},{"text":"I want to make reservation for a conference room","created":"2017-03-08T08:07:42.350Z","updated":"2017-03-08T08:07:42.350Z"},{"text":"reservation","created":"2017-03-08T08:07:42.350Z","updated":"2017-03-08T08:07:42.350Z"},{"text":"Where can I have a meeting?","created":"2017-03-08T08:07:42.350Z","updated":"2017-03-08T08:07:42.350Z"}],"description":null}],"updated":"2017-03-08T08:08:44.598Z","entities":[{"type":null,"entity":"PositiveAnswer","source":null,"values":[{"value":"Absolutely","created":"2017-03-08T08:07:42.350Z","updated":"2017-03-08T08:07:42.350Z","metadata":null,"synonyms":["absolutely"]},{"value":"Of course","created":"2017-03-08T08:07:42.350Z","updated":"2017-03-08T08:07:42.350Z","metadata":null,"synonyms":["of course"]},{"value":"OK","created":"2017-03-08T08:07:42.350Z","updated":"2017-03-08T08:07:42.350Z","metadata":null,"synonyms":["ok"]},{"value":"Sure","created":"2017-03-08T08:07:42.350Z","updated":"2017-03-08T08:07:42.350Z","metadata":null,"synonyms":["sure"]},{"value":"Why not","created":"2017-03-08T08:07:42.350Z","updated":"2017-03-08T08:07:42.350Z","metadata":null,"synonyms":["why not"]},{"value":"Y","created":"2017-03-08T08:07:42.350Z","updated":"2017-03-08T08:07:42.350Z","metadata":null,"synonyms":["y"]},{"value":"Yep","created":"2017-03-08T08:07:42.350Z","updated":"2017-03-08T08:07:42.350Z","metadata":null,"synonyms":["yep"]},{"value":"Yes","created":"2017-03-08T08:07:42.350Z","updated":"2017-03-08T08:07:42.350Z","metadata":null,"synonyms":["yes"]}],"created":"2017-03-08T08:07:42.350Z","updated":"2017-03-08T08:07:42.350Z","open_list":false,"description":null},{"type":null,"entity":"Room","source":null,"values":[{"value":"10F01/Seoul","created":"2017-03-08T08:07:42.350Z","updated":"2017-03-08T08:07:42.350Z","metadata":null,"synonyms":["10F01"]},{"value":"11F01/Seoul","created":"2017-03-08T08:07:42.350Z","updated":"2017-03-08T08:07:42.350Z","metadata":null,"synonyms":["11F01"]}],"created":"2017-03-08T08:07:42.350Z","updated":"2017-03-08T08:07:42.350Z","open_list":false,"description":null},{"type":null,"entity":"sys-date","source":"system.entities","values":[],"created":"2017-03-08T08:07:42.350Z","updated":"2017-03-08T08:07:42.350Z","open_list":false,"description":null},{"type":null,"entity":"sys-time","source":"system.entities","values":[],"created":"2017-03-08T08:07:42.350Z","updated":"2017-03-08T08:07:42.350Z","open_list":false,"description":null}],"language":"en","metadata":{"runtime_version":"2016-09-20"},"description":null,"dialog_nodes":[{"go_to":null,"output":{},"parent":null,"context":null,"created":"2017-03-08T08:07:42.350Z","updated":"2017-03-08T08:07:42.350Z","metadata":null,"conditions":"#Greeting","description":null,"dialog_node":"Greeting","previous_sibling":"Conversation start"},{"go_to":null,"output":{"text":{"values":["Canceled. please start again."],"selection_policy":"sequential"}},"parent":"node_20_1483603120565","context":{"action":null},"created":"2017-03-08T08:07:42.350Z","updated":"2017-03-08T08:07:42.350Z","metadata":null,"conditions":"true","description":null,"dialog_node":"node_2_1486718790843","previous_sibling":"node_1_1486718462042"},{"go_to":null,"output":{"text":{"values":["I'm sorry. I can't understand you. Please start again."],"selection_policy":"sequential"}},"parent":"node_23_1483603351911","context":null,"created":"2017-03-08T08:07:42.350Z","updated":"2017-03-08T08:07:42.350Z","metadata":null,"conditions":"true","description":null,"dialog_node":"node_7_1483609642985","previous_sibling":"node_6_1483609586236"},{"go_to":null,"output":{"text":{"values":["I'm sorry. I can't understand you. Please start again."],"selection_policy":"sequential"}},"parent":"node_26_1483603505988","context":null,"created":"2017-03-08T08:07:42.350Z","updated":"2017-03-08T08:07:42.350Z","metadata":null,"conditions":"true","description":null,"dialog_node":"node_5_1483609410015","previous_sibling":"node_2_1483607794247"},{"go_to":null,"output":{"text":{"values":["I'm sorry, I don't understand. Please try again."],"selection_policy":"sequential"}},"parent":null,"context":null,"created":"2017-03-08T08:07:42.350Z","updated":"2017-03-08T08:07:42.350Z","metadata":null,"conditions":"anything_else","description":null,"dialog_node":"node_4_1483597739886","previous_sibling":"Reservation"},{"go_to":null,"output":{"text":{"values":["I'm sorry. Please tell me the dates that you want to book a room. For example, you can say in format \"mm/dd/yyyy\""],"selection_policy":"sequential"}},"parent":"node_12_1483599807143","context":null,"created":"2017-03-08T08:07:42.350Z","updated":"2017-03-08T08:07:42.350Z","metadata":null,"conditions":"true","description":null,"dialog_node":"node_23_1483603351911","previous_sibling":"Check sys-date entity"},{"go_to":null,"output":{"text":{"values":["I'm sorry. Please tell me the times. You can tell me like this. \"From 13:00 To 14:00\""],"selection_policy":"sequential"}},"parent":"node_19_1483603082723","context":null,"created":"2017-03-08T08:07:42.350Z","updated":"2017-03-08T08:07:42.350Z","metadata":null,"conditions":"true","description":null,"dialog_node":"node_26_1483603505988","previous_sibling":"node_25_1483603462681"},{"go_to":null,"output":{"text":{"values":["I'm sorry. You're not a registered user in our system."],"selection_policy":"sequential"}},"parent":"Reservation","context":null,"created":"2017-03-08T08:07:42.350Z","updated":"2017-03-08T08:07:42.350Z","metadata":null,"conditions":"true","description":null,"dialog_node":"node_16_1483600202721","previous_sibling":"node_11_1483599761943"},{"go_to":null,"output":{"text":{"values":["OK. <? context.room ?> at <? context.times.get(0).value ?>, <? context.dates ?> is reserved for you."],"selection_policy":"sequential"}},"parent":"node_20_1483603120565","context":{"action":{"dates":"$dates","times":"$times","command":"confirm-reservation"}},"created":"2017-03-08T08:07:42.350Z","updated":"2017-03-08T08:07:42.350Z","metadata":null,"conditions":"@PositiveAnswer","description":null,"dialog_node":"node_1_1486718462042","previous_sibling":null},{"go_to":null,"output":{"text":{"values":["$user.name, OK I will check the availabilty of room."],"selection_policy":"sequential"}},"parent":"node_11_1483599761943","context":{"action":{"dates":"$dates","times":"$times","command":"check-availability"}},"created":"2017-03-08T08:07:42.350Z","updated":"2017-03-08T08:07:42.350Z","metadata":null,"conditions":"true","description":null,"dialog_node":"node_20_1483603120565","previous_sibling":"node_19_1483603082723"},{"go_to":null,"output":{"text":{"values":["Welcome!"],"selection_policy":"sequential"}},"parent":null,"context":null,"created":"2017-03-08T08:07:42.350Z","updated":"2017-03-08T08:07:42.350Z","metadata":null,"conditions":"conversation_start","description":null,"dialog_node":"Conversation start","previous_sibling":null},{"go_to":null,"output":{"text":{"values":["What time do you prefer?"],"selection_policy":"sequential"}},"parent":"node_11_1483599761943","context":{"repeat":1},"created":"2017-03-08T08:07:42.350Z","updated":"2017-03-08T08:07:42.350Z","metadata":null,"conditions":"NOT $times || $times.length == 0","description":null,"dialog_node":"node_19_1483603082723","previous_sibling":"node_12_1483599807143"},{"go_to":null,"output":{"text":{"values":["When do you want to have a meeting?"],"selection_policy":"sequential"}},"parent":"node_11_1483599761943","context":{"repeat":1},"created":"2017-03-08T08:07:42.350Z","updated":"2017-03-08T08:07:42.350Z","metadata":null,"conditions":"NOT $dates","description":null,"dialog_node":"node_12_1483599807143","previous_sibling":null},{"go_to":{"return":null,"selector":"body","dialog_node":"node_11_1483599761943"},"output":{},"parent":"node_12_1483599807143","context":null,"created":"2017-03-08T08:07:42.350Z","updated":"2017-03-08T08:07:42.350Z","metadata":null,"conditions":"@sys-date","description":null,"dialog_node":"Check sys-date entity","previous_sibling":null},{"go_to":{"return":null,"selector":"body","dialog_node":"node_11_1483599761943"},"output":{},"parent":"node_19_1483603082723","context":null,"created":"2017-03-08T08:07:42.350Z","updated":"2017-03-08T08:07:42.350Z","metadata":null,"conditions":"@sys-time","description":null,"dialog_node":"node_25_1483603462681","previous_sibling":null},{"go_to":{"return":null,"selector":"body","dialog_node":"node_11_1483599761943"},"output":{},"parent":"node_23_1483603351911","context":null,"created":"2017-03-08T08:07:42.350Z","updated":"2017-03-08T08:07:42.350Z","metadata":null,"conditions":"@sys-date","description":null,"dialog_node":"node_29_1483603764400","previous_sibling":null},{"go_to":{"return":null,"selector":"body","dialog_node":"node_11_1483599761943"},"output":{},"parent":"node_26_1483603505988","context":null,"created":"2017-03-08T08:07:42.350Z","updated":"2017-03-08T08:07:42.350Z","metadata":null,"conditions":"@sys-time","description":null,"dialog_node":"node_27_1483603694052","previous_sibling":null},{"go_to":{"return":null,"selector":"condition","dialog_node":"node_11_1483599761943"},"output":{},"parent":"Reservation","context":{"user":{"id":"hjjo\\@kr.ibm.com","name":"HyeonJeong Jo","email":"hjjo\\@kr.ibm.com","phone":"01031229436"}},"created":"2017-03-08T08:07:42.350Z","updated":"2017-03-08T08:07:42.350Z","metadata":null,"conditions":"NOT $user","description":null,"dialog_node":"node_9_1483598510492","previous_sibling":"node_4_1483609320998"},{"go_to":{"return":null,"selector":"condition","dialog_node":"node_12_1483599807143"},"output":{},"parent":"Reservation","context":{"dates":"<? @sys-date?:$dates ?>","rooms":"<? @Room?:$rooms ?>","times":"<? @sys-time?entities['sys-time']:$times ?>"},"created":"2017-03-08T08:07:42.350Z","updated":"2017-03-08T08:07:42.350Z","metadata":null,"conditions":"$user","description":null,"dialog_node":"node_11_1483599761943","previous_sibling":"node_9_1483598510492"},{"go_to":{"return":null,"selector":"condition","dialog_node":"node_23_1483603351911"},"output":{},"parent":"node_23_1483603351911","context":{"repeat":"<? $repeat + 1 ?>"},"created":"2017-03-08T08:07:42.350Z","updated":"2017-03-08T08:07:42.350Z","metadata":null,"conditions":"$repeat < 3","description":null,"dialog_node":"node_6_1483609586236","previous_sibling":"node_29_1483603764400"},{"go_to":{"return":null,"selector":"condition","dialog_node":"node_26_1483603505988"},"output":{},"parent":"node_26_1483603505988","context":{"repeat":"<? $repeat + 1 ?>"},"created":"2017-03-08T08:07:42.350Z","updated":"2017-03-08T08:07:42.350Z","metadata":null,"conditions":"$repeat < 3","description":null,"dialog_node":"node_2_1483607794247","previous_sibling":"node_27_1483603694052"},{"go_to":{"return":null,"selector":"condition","dialog_node":"node_9_1483598510492"},"output":{},"parent":null,"context":null,"created":"2017-03-08T08:07:42.350Z","updated":"2017-03-08T08:07:42.350Z","metadata":null,"conditions":"#Reservation","description":null,"dialog_node":"Reservation","previous_sibling":"Greeting"},{"type":"response_condition","go_to":null,"output":{},"parent":"Reservation","context":{"dates":null,"rooms":null,"times":[]},"created":"2017-03-08T08:07:42.350Z","updated":"2017-03-08T08:07:42.350Z","metadata":null,"conditions":"","description":null,"dialog_node":"node_4_1483609320998","previous_sibling":null},{"type":"response_condition","go_to":null,"output":{"text":{"values":["Hi, what can I do for you?","Hello, may I help you?","Hey, what can I do for you?"],"selection_policy":"random"}},"parent":"Greeting","context":null,"created":"2017-03-08T08:07:42.350Z","updated":"2017-03-08T08:07:42.350Z","metadata":null,"conditions":" ","description":null,"dialog_node":"node_7_1483598167716","previous_sibling":null}],"workspace_id":"4e34aa92-a002-4ff2-8686-594893014c81","counterexamples":[]}